Metric,Training,Test
R²,0.7239469289779663,
RMSE,0.05180586874485016,0.2981233596801758
MAE,0.0341750793159008,0.2981233596801758
MAPE,1.9713880494236946,14.196351170539856
