Actual,Predicted,Residual,AbsError
2.1,1.8018765,0.29812336,0.29812336
